num     ,name,sex,clas,prof       ,colle  ,tel        ,wechat,year,dorm
10020169,婵于沈 ,女  ,2   ,电气工程与自动化   ,新东方厨师学校,16552444046,olsaf ,2010,659
10022431,婷施巧 ,男  ,3   ,光电信息工程     ,中国科学院  ,57298523957,joszv ,2001,72b
10208485,沈康义 ,女  ,14  ,地质学类地质学    ,篮翔智能研究院,88014330815,czvks ,2012,467
10331075,岚萍莎 ,女  ,9   ,自动化        ,李政道学院  ,79928911531,tfbto ,2014,b71
10437866,雅顾方 ,男  ,2   ,自动化        ,杨振宁理学院 ,44807616925,cnbhp ,2002,793
10459978,凤方祁 ,男  ,7   ,电子科学与技术    ,新东方厨师学校,92030181895,wlkzm ,2001,9a4
10503757,晶宁金 ,女  ,4   ,地球化学       ,杨振宁理学院 ,42953014736,abfyy ,2000,71b
10685093,莉军眉 ,女  ,19  ,电子科学与技术    ,篮翔智能研究院,87439543327,jqsyk ,2018,86c
10763545,苑亚武 ,男  ,18  ,地理信息科学与技术  ,新东方厨师学校,21894241630,kekqq ,2000,c48
10893053,秀宜璐 ,女  ,19  ,地理科学类地理科学  ,新东方厨师学校,85637458313,gunfc ,2019,c49
11119298,王晶锦 ,男  ,12  ,电气工程及其自动化  ,中国科学院  ,18934960195,zwtpo ,2002,81c
11128576,真王秀 ,男  ,7   ,资源环境与城乡规划管理,挖掘机研究所 ,23633005949,bbhld ,2007,639
11340005,沈郝皮 ,女  ,3   ,资源环境与城乡规划管理,新东方培训学校,57313679786,quxat ,2016,6cc
11356375,波元璧 ,女  ,10  ,电子科学与技术    ,中国科学院  ,91612544467,fdzpc ,2017,11b
11418928,瑶许雅 ,男  ,5   ,光电信息工程     ,新东方培训学校,84319701799,hjxio ,2019,4c9
11479995,曹安尹 ,男  ,2   ,影视艺术技术     ,李政道学院  ,26963266815,kntrq ,2018,653
11483926,昌酆滕 ,男  ,5   ,自动化        ,新东方培训学校,94768426372,bjhfm ,2010,96b
11484997,尤葛兴 ,女  ,19  ,地理科学类地理科学  ,杨振宁理学院 ,53388095370,ijxyr ,2008,c7c
11569768,尤华寒 ,女  ,17  ,软件工程       ,挖掘机研究所 ,73291937902,oqawn ,2012,6bb
11619102,梦欢时 ,女  ,11  ,地理科学类地理科学  ,李政道学院  ,40809683314,sjqnn ,2010,75c
11672106,杨殷福 ,女  ,7   ,计算机科学与技术   ,新东方培训学校,42206773063,zqojq ,2007,41b
12110440,琼尹琦 ,女  ,2   ,信息显示与光电技术  ,新东方厨师学校,99665772912,wdwwz ,2013,aa6
12139535,莲蓓珠 ,女  ,12  ,地质学类地质学    ,篮翔智能研究院,35583114452,rxkwo ,2010,a27
12232611,和宁黛 ,男  ,7   ,生物医学工程     ,篮翔智能研究院,83934317260,nlrai ,2008,ac4
12282322,胜瑾洁 ,女  ,3   ,电气工程与自动化   ,挖掘机研究所 ,79832557659,nqykz ,2010,841
12632577,平安娅 ,男  ,7   ,电气工程与自动化   ,中国科学院  ,50655557620,nmbxu ,2014,581
12682430,云月惠 ,女  ,7   ,天文学类天文学    ,新东方厨师学校,63422882992,aflki ,2006,5c4
13223766,香慧茜 ,男  ,18  ,电气工程及其自动化  ,李政道学院  ,69141477635,whgqq ,2003,65a
13347854,穆茂茜 ,男  ,17  ,集成电路设计与集成系统,新东方厨师学校,86793279375,agfku ,2000,9ab
13427436,宁彬茜 ,女  ,1   ,天文学类天文学    ,挖掘机研究所 ,47198790633,vbknx ,2016,aa1
13434650,薇露蒋 ,男  ,15  ,电子信息工程     ,中国科学院  ,32254223198,qnrok ,2020,39a
13452347,欣湛郑 ,男  ,19  ,地理信息系统     ,李政道学院  ,34130801605,cmyow ,2003,618
13503405,仁汤金 ,男  ,13  ,自动化        ,新东方培训学校,49263691806,fytdr ,2015,597
13638668,卞康贝 ,女  ,7   ,信息显示与光电技术  ,新东方培训学校,76190158041,mxdwx ,2005,a79
14140822,月涛娅 ,男  ,13  ,影视艺术技术     ,挖掘机研究所 ,72770258865,fgwhr ,2005,a95
14237957,贞于施 ,男  ,14  ,电子信息工程     ,新东方培训学校,86840414751,dqbcg ,2004,692
14331689,颖薛妍 ,女  ,1   ,地球化学       ,新东方厨师学校,49557309904,scfsz ,2016,93a
14332378,军柏莎 ,女  ,3   ,电气工程与自动化   ,杨振宁理学院 ,83603928270,demvf ,2018,761
14547436,陈雅霄 ,女  ,13  ,软件工程       ,新东方厨师学校,97952428758,mngde ,2015,a82
14570980,莲沈花 ,男  ,13  ,地理科学类地理科学  ,李政道学院  ,80724550551,cyrgs ,2004,63a
14592472,姜惠山 ,男  ,15  ,集成电路设计与集成系统,篮翔智能研究院,45488532851,gtwer ,2014,9bc
14724850,慧蓉峰 ,女  ,2   ,地球化学       ,挖掘机研究所 ,46382472200,beifr ,2011,146
14730798,荔卫黛 ,男  ,2   ,计算机科学与技术   ,李政道学院  ,98340148882,tccuu ,2020,257
14754891,明勇露 ,女  ,6   ,信息显示与光电技术  ,杨振宁理学院 ,45312679937,mypla ,2006,8c2
14830675,倪奚祥 ,女  ,1   ,软件工程       ,篮翔智能研究院,92393377910,ofqjk ,2008,987
14833175,韩淑巧 ,男  ,13  ,计算机科学与技术   ,挖掘机研究所 ,12886101135,hvjxq ,2006,bc5
15228872,富妹思 ,男  ,12  ,光电信息工程     ,篮翔智能研究院,15697394598,pjfjj ,2005,481
15233790,蓉唐顾 ,女  ,10  ,电子信息工程     ,中国科学院  ,30123639036,xatrr ,2004,134
15572117,信杰文 ,女  ,17  ,软件工程       ,李政道学院  ,93276023641,numkq ,2014,1a9
15671983,薛昌和 ,女  ,8   ,电子科学与技术    ,新东方厨师学校,83518554988,biouw ,2010,517
15747268,佳婷茂 ,男  ,5   ,地理科学类地理科学  ,杨振宁理学院 ,86322246595,hpgfv ,2002,ac3
16436394,辉思俊 ,男  ,4   ,地理信息系统     ,李政道学院  ,47599806041,epjvx ,2018,b35
16543385,孙美瑞 ,男  ,14  ,电子科学与技术    ,新东方厨师学校,48527657671,xojei ,2015,414
16571508,穆珠霄 ,男  ,10  ,地理信息系统     ,李政道学院  ,49606471853,hhech ,2014,a7b
16598596,荷蓓荷 ,女  ,4   ,计算机科学与技术   ,杨振宁理学院 ,12098434604,supjz ,2020,a18
16689940,娴冯沈 ,女  ,5   ,光源与照明      ,新东方培训学校,63281034429,phzsj ,2005,bab
17143553,海纨成 ,女  ,3   ,地理科学类地理科学  ,挖掘机研究所 ,97025668046,jqswy ,2004,518
17569513,朱许玉 ,男  ,2   ,软件工程       ,新东方厨师学校,16477619280,sncvc ,2015,85a
17621899,贵惠顺 ,女  ,10  ,电子信息工程     ,李政道学院  ,30116535581,fgsjp ,2004,43b
17665202,月菊燕 ,男  ,14  ,电子科学与技术    ,杨振宁理学院 ,88657147310,wxgre ,2000,93a
17682906,滕祁晶 ,女  ,7   ,通信工程       ,篮翔智能研究院,28016259522,xykgm ,2000,8cb
17737385,秋贺吴 ,女  ,8   ,资源环境与城乡规划管理,李政道学院  ,94368762314,fptag ,2001,514
17857347,美芳滕 ,男  ,18  ,影视艺术技术     ,新东方培训学校,33760244025,pdfvl ,2010,9ca
17951400,葛锦媛 ,女  ,19  ,电气工程及其自动化  ,中国科学院  ,60810101312,pdrak ,2009,4b2
18021255,霭祥巧 ,男  ,18  ,光源与照明      ,篮翔智能研究院,57792948077,scnod ,2007,b1a
18086169,凤妍黄 ,女  ,8   ,电子信息工程     ,中国科学院  ,97573606087,wipbl ,2018,459
18151153,妹天菲 ,男  ,19  ,地质学类地质学    ,新东方厨师学校,71146967830,fxyxb ,2018,4c3
18220804,纨秦贝 ,男  ,19  ,信息工程       ,杨振宁理学院 ,48777654181,pijft ,2019,971
18328822,艳娜梦 ,男  ,12  ,地质学类地质学    ,李政道学院  ,75461152055,rmmha ,2010,729
18618885,荔珠中 ,男  ,17  ,自动化        ,篮翔智能研究院,34452185206,maooa ,2008,589
18655243,岚红兴 ,女  ,19  ,影视艺术技术     ,新东方培训学校,60119133314,ctevv ,2015,866
18662145,秀袁元 ,女  ,10  ,资源环境与城乡规划管理,新东方厨师学校,29846037057,testw ,2006,135
18846110,秋黛芬 ,女  ,9   ,电子信息工程     ,新东方厨师学校,21704176177,reeik ,2004,132
18860440,李云葛 ,男  ,13  ,信息工程       ,新东方培训学校,33674363527,rzmde ,2020,114
18866239,昌薇育 ,男  ,11  ,电子信息工程     ,篮翔智能研究院,56172835289,nxqxq ,2006,836
19036387,曹霞荷 ,男  ,3   ,电子科学与技术    ,新东方培训学校,60260570756,hrdhu ,2003,c34
19061133,良国眉 ,女  ,6   ,地理科学类地理科学  ,篮翔智能研究院,23920381549,jfily ,2007,39a
19241862,军茂嘉 ,男  ,19  ,资源环境与城乡规划管理,挖掘机研究所 ,58058541660,ojsgp ,2011,1b7
19453684,胜育叶 ,女  ,9   ,资源环境与城乡规划管理,篮翔智能研究院,48521628209,wvplb ,2012,22a
19801058,仪月珠 ,女  ,12  ,电子信息工程     ,新东方厨师学校,62712283090,xvxrw ,2016,879
19808150,孔富王 ,女  ,1   ,天文学类天文学    ,李政道学院  ,41952918764,idied ,2017,774
20264842,凝孙燕 ,男  ,18  ,集成电路设计与集成系统,篮翔智能研究院,43317825189,hklya ,2010,147
20495945,卞晶荣 ,男  ,10  ,地质学类地质学    ,李政道学院  ,98582878004,ucqta ,2006,825
20578138,晓环乐 ,男  ,19  ,电子信息工程     ,新东方厨师学校,80190965832,zhfag ,2009,417
20606215,利婵竹 ,女  ,6   ,地球化学       ,中国科学院  ,62713652606,qhaqn ,2006,912
21032026,珠臧娴 ,男  ,1   ,生物医学工程     ,新东方厨师学校,29648382744,kemdd ,2011,521
21095356,翠霭赵 ,女  ,3   ,生物医学工程     ,篮翔智能研究院,69481440463,swbqe ,2006,637
21174144,达瑾明 ,男  ,4   ,地理科学类地理科学  ,中国科学院  ,81529616521,vmntx ,2019,549
21185779,月清义 ,女  ,18  ,自动化        ,篮翔智能研究院,99421725818,xtzim ,2004,373
21210958,倪褚祥 ,女  ,15  ,信息显示与光电技术  ,新东方培训学校,47747549339,ynagp ,2007,125
21292756,晓冯娟 ,男  ,10  ,电子科学与技术    ,篮翔智能研究院,85261907947,losvx ,2007,939
21312538,琳薛锦 ,男  ,14  ,电气工程与自动化   ,新东方培训学校,27730011228,kvvzc ,2000,231
21453237,婉媛枝 ,女  ,12  ,通信工程       ,李政道学院  ,49071377366,iusbq ,2000,376
21472533,张妍于 ,女  ,14  ,影视艺术技术     ,新东方培训学校,61310818502,odeas ,2015,4c6
21478753,施何丹 ,男  ,8   ,地理科学类地理科学  ,挖掘机研究所 ,75645216711,lztul ,2002,8aa
21527815,筠金丽 ,女  ,7   ,光电信息工程     ,新东方培训学校,23876437488,mbhxp ,2001,268
21699591,贵滕梦 ,女  ,5   ,地理信息系统     ,新东方培训学校,33539312324,motym ,2000,25a
21753424,茜菊筠 ,男  ,3   ,光电信息工程     ,新东方厨师学校,76264669248,rwfed ,2019,736
21755968,欢孙安 ,男  ,9   ,天文学类天文学    ,篮翔智能研究院,36413532136,ggczf ,2017,194
21844998,潘方康 ,男  ,19  ,通信工程       ,挖掘机研究所 ,10972236079,skrwg ,2020,4a2
21915693,狄柔信 ,女  ,7   ,地理科学类地理科学  ,中国科学院  ,12372932195,jnvhw ,2000,5a1
22279780,姚尤黄 ,女  ,9   ,天文学类天文学    ,李政道学院  ,32872512027,kipuz ,2007,429
22379449,彩仪凤 ,女  ,19  ,信息工程       ,新东方厨师学校,86615855799,knvsh ,2008,b4a
22384873,金清蕊 ,女  ,14  ,计算机科学与技术   ,新东方培训学校,47508309489,htgvi ,2010,412
22450987,良真乐 ,女  ,5   ,电气工程与自动化   ,新东方培训学校,19225722442,irwcl ,2015,68c
22714967,翠娴柳 ,男  ,16  ,电气工程及其自动化  ,新东方培训学校,86282315662,utwgl ,2015,6b4
22906362,乐荔发 ,男  ,12  ,自动化        ,新东方厨师学校,98458993774,ioxmo ,2019,38c
23034886,姣义翠 ,男  ,19  ,地理科学类地理科学  ,新东方厨师学校,88741781174,elykk ,2005,a52
23040475,珠璧晶 ,男  ,4   ,集成电路设计与集成系统,挖掘机研究所 ,29428512824,sensm ,2008,779
23052016,纨湛何 ,女  ,1   ,地理信息系统     ,挖掘机研究所 ,64087204945,ecvqw ,2007,85b
23223140,思怡燕 ,男  ,14  ,电子信息工程     ,杨振宁理学院 ,97178244978,xtbhd ,2012,bc6
23566591,锦真军 ,男  ,5   ,地理信息系统     ,新东方厨师学校,21719111417,nbyux ,2020,b2a
23577287,静梦竹 ,男  ,17  ,信息显示与光电技术  ,李政道学院  ,71451782962,osxtt ,2006,4bb
23664705,薇勤亚 ,女  ,13  ,地理科学类地理科学  ,挖掘机研究所 ,56190399010,fanjj ,2002,381
24350727,雪明晓 ,女  ,12  ,计算机科学与技术   ,新东方厨师学校,19307489648,dvgys ,2010,782
24467700,枫范胜 ,女  ,9   ,软件工程       ,篮翔智能研究院,52822257757,pyeib ,2011,c66
24748199,晶保桂 ,男  ,13  ,计算机科学与技术   ,李政道学院  ,72264037231,oeitp ,2002,b57
24867042,成杨茂 ,男  ,6   ,通信工程       ,李政道学院  ,91338451659,ylmmo ,2020,864
25087048,萍亚天 ,女  ,16  ,集成电路设计与集成系统,新东方厨师学校,80256814345,apuxf ,2005,871
25202449,燕成琴 ,女  ,1   ,光电信息工程     ,挖掘机研究所 ,10374316906,eomdw ,2019,8c7
25354696,芸方孙 ,女  ,15  ,通信工程       ,新东方厨师学校,38304922124,xnoxs ,2010,78a
25470140,余怡亚 ,女  ,16  ,光电信息工程     ,新东方培训学校,61872733103,nqcja ,2005,4cb
25602793,妍华陶 ,女  ,7   ,电子信息工程     ,篮翔智能研究院,27263457377,rjtbg ,2019,98c
25603207,章谢廉 ,女  ,13  ,通信工程       ,篮翔智能研究院,74624735685,xjsud ,2002,ac9
25762488,菁利彭 ,男  ,6   ,网络工程       ,新东方培训学校,75450796978,fpkgk ,2007,c91
25767528,新薇昌 ,男  ,14  ,生物医学工程     ,新东方培训学校,12043264777,tdsjh ,2001,325
25972183,穆彬彬 ,男  ,19  ,电子信息工程     ,新东方厨师学校,46751070628,gxmzo ,2011,539
26190498,艳祁湛 ,男  ,8   ,光电信息工程     ,李政道学院  ,64583611183,wxzgk ,2018,343
26190855,卞梅贞 ,女  ,1   ,网络工程       ,挖掘机研究所 ,29955058584,lmisc ,2013,a61
26327781,酆奚卜 ,男  ,17  ,资源环境与城乡规划管理,杨振宁理学院 ,41947732302,dyoex ,2014,795
26359746,云彬凝 ,女  ,16  ,软件工程       ,新东方厨师学校,11348234223,ocfre ,2011,974
26510928,月姣眉 ,女  ,10  ,地球化学       ,李政道学院  ,43053231756,vbrqn ,2003,36b
26843981,任清明 ,男  ,7   ,网络工程       ,中国科学院  ,42201127537,bduzy ,2000,a33
26865871,茜伍彭 ,女  ,12  ,集成电路设计与集成系统,李政道学院  ,15689351093,kgjoj ,2019,1b3
26885002,可娅廉 ,女  ,4   ,信息工程       ,杨振宁理学院 ,59047809917,wxmcf ,2014,428
27211096,贵菲韦 ,男  ,17  ,计算机科学与技术   ,篮翔智能研究院,65321245149,suycn ,2007,328
27281644,昌章时 ,男  ,18  ,计算机科学与技术   ,杨振宁理学院 ,99750107294,kuxdz ,2010,71b
27285826,明晓花 ,男  ,4   ,光源与照明      ,新东方厨师学校,31504402753,ojevu ,2014,82a
27298421,武兰鲍 ,女  ,15  ,地质学类地质学    ,杨振宁理学院 ,76091264671,onfgw ,2000,a32
27374938,明祁凝 ,女  ,19  ,资源环境与城乡规划管理,杨振宁理学院 ,48129520917,cszyz ,2010,251
27441847,李蓉昌 ,男  ,2   ,天文学类天文学    ,中国科学院  ,40687433390,rppbf ,2001,993
27887505,发薛昌 ,男  ,16  ,地理科学类地理科学  ,篮翔智能研究院,21456711294,neknv ,2018,5c5
28169008,苏俞良 ,女  ,12  ,电气工程及其自动化  ,杨振宁理学院 ,49104113354,xofsc ,2012,969
28254046,姜武滢 ,女  ,16  ,电子科学与技术    ,中国科学院  ,78154584915,ythvf ,2004,842
28449519,禹云秦 ,女  ,7   ,集成电路设计与集成系统,李政道学院  ,56698979797,siaxz ,2020,7a1
29138290,陈良婷 ,男  ,15  ,天文学类天文学    ,李政道学院  ,73003857447,fvzhl ,2001,5b9
29473362,利海范 ,男  ,18  ,电子科学与技术    ,新东方厨师学校,26072126146,ahyfa ,2006,755
29749257,涛云琦 ,女  ,7   ,天文学类天文学    ,挖掘机研究所 ,59265363857,dggvd ,2002,625
29789012,颖莎中 ,男  ,8   ,软件工程       ,新东方培训学校,28540026383,zjqvq ,2001,a8a
30046750,郎君袁 ,女  ,6   ,地理信息科学与技术  ,挖掘机研究所 ,60860143666,irtdz ,2004,4c6
30291998,芳思芳 ,男  ,8   ,电子信息工程     ,李政道学院  ,41523336852,tqgfx ,2016,877
30547572,眉吕齐 ,男  ,2   ,资源环境与城乡规划管理,李政道学院  ,35785763585,mfwqs ,2003,b48
30861757,吴汤褚 ,男  ,4   ,电气工程及其自动化  ,中国科学院  ,82917260690,ooksp ,2020,591
30914709,飞仪岚 ,男  ,16  ,电子科学与技术    ,挖掘机研究所 ,51502286774,hnsmd ,2016,b1a
31005208,金雷花 ,男  ,18  ,地理信息系统     ,中国科学院  ,86118245874,ogget ,2016,aa6
31010202,彭李宁 ,女  ,18  ,集成电路设计与集成系统,李政道学院  ,85838739942,gsest ,2006,b5b
31054498,祥平周 ,女  ,8   ,地质学类地质学    ,新东方培训学校,64207013941,laaad ,2005,b47
31194873,香秀学 ,男  ,11  ,地球化学       ,李政道学院  ,18871831167,kedui ,2017,bac
31204866,罗妹戚 ,男  ,12  ,地球化学       ,新东方厨师学校,22597210916,hmzei ,2006,cac
31507778,于玉萧 ,男  ,12  ,光源与照明      ,杨振宁理学院 ,80350287345,vorln ,2005,6aa
31564499,寒秀保 ,男  ,9   ,资源环境与城乡规划管理,中国科学院  ,44060897237,njudx ,2016,335
31575121,娴尤岑 ,女  ,14  ,网络工程       ,篮翔智能研究院,32142872105,ncncn ,2011,bb8
31633560,乐素云 ,男  ,19  ,电气工程及其自动化  ,篮翔智能研究院,56184400918,fxuqs ,2007,41b
31812073,强平茜 ,男  ,10  ,地质学类地质学    ,挖掘机研究所 ,25292141896,plmqk ,2013,c3b
31837119,眉汪谢 ,男  ,13  ,资源环境与城乡规划管理,新东方培训学校,86724432518,lqgnm ,2012,9aa
31962580,苗云珊 ,女  ,1   ,电气工程及其自动化  ,挖掘机研究所 ,49737760961,zdsye ,2000,c1c
32068421,雪康齐 ,女  ,1   ,信息工程       ,新东方厨师学校,75256746883,spzoy ,2007,6a9
32224345,璐寒任 ,男  ,13  ,光电信息工程     ,新东方培训学校,81079494463,pwyvn ,2010,22c
32323297,喻辉影 ,男  ,9   ,电气工程及其自动化  ,李政道学院  ,57728440283,puiol ,2009,93c
32391462,才昌雅 ,女  ,14  ,影视艺术技术     ,挖掘机研究所 ,42867569226,qcpkm ,2011,bac
32470413,才菲柏 ,女  ,7   ,电气工程及其自动化  ,杨振宁理学院 ,11116988079,urwwv ,2002,3c8
32527574,喻雅和 ,男  ,12  ,信息显示与光电技术  ,李政道学院  ,59671929410,qgnqk ,2016,5a1
32530959,清何雅 ,女  ,15  ,影视艺术技术     ,挖掘机研究所 ,17128082724,ndwpz ,2012,a84
32547531,芝姚仁 ,女  ,9   ,信息工程       ,篮翔智能研究院,28606004063,jehzn ,2005,94a
32600408,荔东汪 ,女  ,10  ,网络工程       ,新东方培训学校,12586431767,ldgop ,2008,c47
32627745,卜吴陶 ,女  ,11  ,信息显示与光电技术  ,篮翔智能研究院,27991756158,gvkuo ,2008,34c
32688363,皮世眉 ,女  ,5   ,软件工程       ,篮翔智能研究院,34165682466,xqyog ,2001,bc3
32810953,中明韦 ,男  ,3   ,计算机科学与技术   ,李政道学院  ,34283681498,caigs ,2010,778
32880760,吕璧明 ,男  ,6   ,信息显示与光电技术  ,中国科学院  ,32575279477,fczoc ,2003,3c2
32995228,酆馥祁 ,男  ,9   ,天文学类天文学    ,挖掘机研究所 ,72481306061,qewvl ,2019,5c1
33044371,何可吴 ,男  ,4   ,生物医学工程     ,新东方培训学校,89727623209,icapl ,2003,15b
33124560,妍全胜 ,男  ,18  ,电子信息工程     ,新东方厨师学校,79293937537,nxjav ,2013,a71
33130427,邹穆薇 ,男  ,15  ,地理信息科学与技术  ,挖掘机研究所 ,82860020611,xoczw ,2003,432
33338562,璧卞郎 ,女  ,1   ,计算机科学与技术   ,李政道学院  ,14733656275,qwozd ,2015,343
33853962,媛鲁穆 ,男  ,5   ,电气工程及其自动化  ,李政道学院  ,52325179346,rebsd ,2013,c16
33948612,凝常茂 ,女  ,9   ,信息工程       ,新东方厨师学校,73038176705,wegyp ,2009,172
34110690,褚山吕 ,男  ,9   ,地球化学       ,新东方培训学校,81977001998,jrdnc ,2010,222
34399539,秀华勇 ,女  ,19  ,计算机科学与技术   ,新东方培训学校,82275551617,poevm ,2014,181
34427084,舒安费 ,男  ,2   ,资源环境与城乡规划管理,挖掘机研究所 ,31083833980,udmqt ,2008,722
34527093,杰邹枫 ,女  ,2   ,信息显示与光电技术  ,篮翔智能研究院,79928301892,jlusa ,2011,b37
34596039,俞影吴 ,男  ,14  ,计算机科学与技术   ,中国科学院  ,42824129372,rnlid ,2012,3a1
34633223,钱郝莉 ,女  ,4   ,电气工程与自动化   ,篮翔智能研究院,93842055407,bwylf ,2000,868
34699691,珊娜康 ,女  ,9   ,地质学类地质学    ,新东方培训学校,33779781336,jacfq ,2013,982
34889530,力信慧 ,男  ,16  ,地质学类地质学    ,中国科学院  ,98558275675,ghwvr ,2018,c15
34960857,韦晶婵 ,男  ,10  ,电气工程与自动化   ,杨振宁理学院 ,84212362369,spcwu ,2012,329
35150104,吕福洁 ,女  ,2   ,影视艺术技术     ,新东方培训学校,22617560088,nywkg ,2009,3b6
35169518,怡东秋 ,女  ,10  ,电子科学与技术    ,李政道学院  ,88485566447,vkupl ,2019,758
35349003,姚雷莎 ,男  ,19  ,电气工程与自动化   ,李政道学院  ,95756174686,ovzey ,2006,177
35408992,芬晓霞 ,男  ,13  ,集成电路设计与集成系统,李政道学院  ,75389248221,kzvkm ,2001,769
35609151,史霞余 ,男  ,10  ,地理科学类地理科学  ,中国科学院  ,86305448577,gikou ,2010,389
35973401,娅静良 ,男  ,10  ,影视艺术技术     ,新东方厨师学校,70185511721,sixmn ,2010,b47
36212477,凤方俞 ,女  ,1   ,影视艺术技术     ,新东方厨师学校,84399006215,lewnf ,2018,7b8
36282488,伍星朱 ,男  ,8   ,计算机科学与技术   ,新东方培训学校,14044123904,nrdye ,2008,849
36356086,汤姚璧 ,女  ,13  ,光源与照明      ,挖掘机研究所 ,46502754919,kwamj ,2020,974
36480841,义彩钱 ,女  ,9   ,软件工程       ,挖掘机研究所 ,66959755514,xxxcd ,2005,a5c
36484936,平强伍 ,女  ,9   ,地理信息系统     ,新东方培训学校,84942609746,arjtg ,2002,687
36855876,波毅李 ,女  ,1   ,自动化        ,中国科学院  ,49015469332,yryre ,2014,862
36944474,宁淑枫 ,男  ,8   ,影视艺术技术     ,挖掘机研究所 ,96825394010,eoqyy ,2012,289
37013899,宜琴穆 ,男  ,19  ,天文学类天文学    ,挖掘机研究所 ,74443045890,fsqsl ,2000,bb3
37194038,永毕娟 ,男  ,13  ,影视艺术技术     ,新东方培训学校,50869019004,qrmwk ,2004,31b
37239243,欢周葛 ,男  ,12  ,电子科学与技术    ,李政道学院  ,74220008249,cftbc ,2019,745
37471194,邵仁发 ,男  ,16  ,生物医学工程     ,李政道学院  ,77763689110,zspgl ,2007,77b
37914509,鲍顾秀 ,男  ,5   ,信息工程       ,挖掘机研究所 ,14818883168,xfliv ,2017,ba9
38052459,吕芸东 ,女  ,6   ,自动化        ,杨振宁理学院 ,37574089409,pzpur ,2008,898
38173628,学月娅 ,男  ,4   ,集成电路设计与集成系统,新东方培训学校,53693980046,mnnkw ,2007,a11
38744872,韦纨岚 ,男  ,9   ,电气工程与自动化   ,新东方培训学校,51245540691,andpc ,2011,974
38868987,嘉伟琳 ,男  ,16  ,电气工程与自动化   ,新东方培训学校,61929148400,ywlxk ,2010,a93
38922237,良安光 ,女  ,7   ,资源环境与城乡规划管理,杨振宁理学院 ,28791996946,mvoyp ,2010,7b5
39122188,魏倪莉 ,男  ,8   ,影视艺术技术     ,杨振宁理学院 ,83882844056,iiypd ,2018,424
39278441,魏娴谢 ,男  ,17  ,生物医学工程     ,杨振宁理学院 ,90639429078,bpiyz ,2019,c4a
39348245,贞滕宁 ,女  ,1   ,电子信息工程     ,篮翔智能研究院,52120489350,vzyot ,2013,a8a
39441621,孔珠方 ,男  ,16  ,通信工程       ,新东方厨师学校,91956948476,akjsa ,2019,558
39608297,雁荣何 ,女  ,18  ,网络工程       ,杨振宁理学院 ,98679473376,avtuz ,2006,95b
39727109,仁欢颖 ,男  ,11  ,计算机科学与技术   ,挖掘机研究所 ,65079341997,wkpox ,2017,449
39796526,萧奚岚 ,女  ,1   ,生物医学工程     ,篮翔智能研究院,96918722170,gailp ,2012,2a3
39904224,艳毛霭 ,女  ,3   ,电子科学与技术    ,篮翔智能研究院,92600632517,hyetx ,2000,731
39994345,寒朱卜 ,女  ,3   ,资源环境与城乡规划管理,李政道学院  ,49046988417,fjnhy ,2020,a71
40007713,珍彭辉 ,女  ,18  ,软件工程       ,新东方培训学校,77877278229,hlfab ,2001,4b8
40076845,海眉叶 ,男  ,14  ,计算机科学与技术   ,杨振宁理学院 ,24341915441,ytnov ,2008,c85
40123193,学叶杰 ,男  ,14  ,资源环境与城乡规划管理,挖掘机研究所 ,29810857856,orlye ,2020,c45
40135536,静强宜 ,女  ,5   ,资源环境与城乡规划管理,杨振宁理学院 ,38570305949,wvbyx ,2000,619
40291278,霄梅艳 ,女  ,10  ,集成电路设计与集成系统,杨振宁理学院 ,11330675206,vcekk ,2019,a5b
40461607,郎马傅 ,男  ,16  ,资源环境与城乡规划管理,杨振宁理学院 ,26512503519,uhphw ,2012,989
40529434,文晶强 ,女  ,13  ,影视艺术技术     ,李政道学院  ,30436432548,uzdrg ,2018,32c
41355965,子才贵 ,女  ,13  ,电气工程及其自动化  ,中国科学院  ,87576092152,ovxao ,2015,323
41541377,周姚雅 ,女  ,4   ,天文学类天文学    ,挖掘机研究所 ,49728980650,opojk ,2012,1a5
41615711,爱蒋伟 ,女  ,5   ,电气工程与自动化   ,新东方培训学校,84963448023,ljspa ,2013,72b
41939305,陈顾娥 ,男  ,18  ,信息工程       ,篮翔智能研究院,97820008894,xsakg ,2006,219
42138464,伊凤文 ,男  ,3   ,软件工程       ,新东方厨师学校,30988569372,pzinu ,2015,858
42284043,黛汪岚 ,女  ,1   ,通信工程       ,杨振宁理学院 ,15726356109,bwiuw ,2017,333
42329547,茂瑾伍 ,女  ,16  ,地质学类地质学    ,李政道学院  ,14214590445,qsfip ,2000,1b5
42393431,叶朱岚 ,女  ,18  ,电气工程及其自动化  ,挖掘机研究所 ,62260751982,urgpl ,2020,b1a
42449212,军凤吴 ,女  ,4   ,电子科学与技术    ,李政道学院  ,29881472316,twbvw ,2002,8bb
42476698,贵怡伍 ,男  ,14  ,通信工程       ,李政道学院  ,27218709907,yiqoy ,2019,a78
42551612,俞霞龙 ,女  ,12  ,自动化        ,中国科学院  ,39592089145,nmjzt ,2015,288
42618120,彩琴施 ,男  ,16  ,地理信息科学与技术  ,新东方培训学校,96613800668,ojojg ,2013,2c4
42661794,利思皮 ,女  ,15  ,软件工程       ,新东方培训学校,29368831337,qckeb ,2020,a75
42925373,邵刚妹 ,男  ,3   ,信息工程       ,新东方培训学校,99585270856,fhbiz ,2008,824
43141492,全康蕊 ,女  ,5   ,资源环境与城乡规划管理,挖掘机研究所 ,70882993919,jfcbk ,2006,445
43216486,殷卜彩 ,男  ,19  ,电气工程及其自动化  ,中国科学院  ,14767442086,fvoop ,2018,3a2
43616112,谢妹祥 ,男  ,17  ,天文学类天文学    ,杨振宁理学院 ,73253855009,rhxgz ,2000,264
43670552,星韦臧 ,女  ,13  ,光电信息工程     ,杨振宁理学院 ,43824501281,wtxhh ,2003,265
43869555,湛思丹 ,男  ,5   ,自动化        ,挖掘机研究所 ,18806131519,sftmu ,2007,18b
43989656,芝柳波 ,女  ,19  ,信息工程       ,新东方厨师学校,79125337459,pusko ,2013,564
44122414,元环皮 ,女  ,5   ,资源环境与城乡规划管理,杨振宁理学院 ,60625124691,tezdr ,2020,956
44235420,秦寒良 ,女  ,8   ,影视艺术技术     ,杨振宁理学院 ,26568981964,fcsio ,2015,321
44329482,毕姣马 ,男  ,13  ,信息显示与光电技术  ,新东方厨师学校,74590854582,ibfhf ,2006,3bb
44641149,史真杰 ,男  ,6   ,电子科学与技术    ,新东方厨师学校,79130523083,dsvij ,2001,b61
44901346,方波陈 ,女  ,11  ,地球化学       ,新东方培训学校,84176397712,kbrxs ,2015,b57
44922851,雪昌英 ,男  ,1   ,光源与照明      ,新东方厨师学校,73056157929,xsavy ,2020,438
45154586,昌珠岑 ,男  ,1   ,电气工程与自动化   ,李政道学院  ,64211933416,fqdpn ,2020,743
45238048,晓珊芸 ,女  ,6   ,光电信息工程     ,杨振宁理学院 ,96627471576,dghse ,2014,638
45239461,新贝影 ,男  ,5   ,通信工程       ,李政道学院  ,57062562633,wrwvh ,2015,981
45286682,光康真 ,男  ,5   ,天文学类天文学    ,杨振宁理学院 ,19711422633,mngil ,2005,4c3
45393902,莺酆禹 ,女  ,5   ,软件工程       ,挖掘机研究所 ,50453300819,putlb ,2020,b22
45634139,利保素 ,女  ,15  ,生物医学工程     ,杨振宁理学院 ,93156734021,iluaj ,2020,639
45730894,柔巧岩 ,男  ,13  ,光源与照明      ,挖掘机研究所 ,96260453918,cmbiz ,2010,794
45738314,明惠清 ,男  ,12  ,电子科学与技术    ,中国科学院  ,16547193969,akeou ,2015,7c2
45788723,军蕊杨 ,男  ,18  ,自动化        ,李政道学院  ,39119798524,wrhgz ,2000,a1c
46383019,勤禹璐 ,女  ,8   ,资源环境与城乡规划管理,篮翔智能研究院,34784429625,imhol ,2012,9c3
46397791,锦育芝 ,女  ,18  ,地球化学       ,李政道学院  ,90454730882,hcpnt ,2017,866
46638839,静真丽 ,女  ,15  ,计算机科学与技术   ,篮翔智能研究院,64308805719,xlvah ,2019,721
46773375,荣辉清 ,男  ,1   ,光源与照明      ,挖掘机研究所 ,48980608050,beaao ,2002,822
46849795,祁尹齐 ,女  ,10  ,影视艺术技术     ,篮翔智能研究院,27640264766,iuele ,2010,141
46960203,强鲍霭 ,男  ,5   ,光源与照明      ,中国科学院  ,48453231886,cbmgc ,2001,4b6
46998747,魏丹新 ,男  ,1   ,地理信息系统     ,新东方培训学校,48748351066,efqbp ,2005,194
47002738,时华岑 ,男  ,8   ,信息显示与光电技术  ,挖掘机研究所 ,80723775718,ywoej ,2014,29c
47006189,贞世琼 ,男  ,18  ,电子信息工程     ,篮翔智能研究院,39188421133,dzbdt ,2015,473
47029475,环菁朱 ,女  ,19  ,电子信息工程     ,新东方培训学校,86631632643,vlwtx ,2001,bb6
47124359,真平璧 ,女  ,8   ,电气工程及其自动化  ,杨振宁理学院 ,52744526101,lgwdb ,2002,277
47577453,惠平柳 ,男  ,15  ,软件工程       ,挖掘机研究所 ,81363669261,tcnmc ,2005,858
47818295,平妹健 ,女  ,7   ,通信工程       ,新东方厨师学校,61597745266,abnfl ,2009,6b6
47877732,倪常祁 ,男  ,1   ,信息显示与光电技术  ,新东方厨师学校,43223483599,xcwvo ,2010,289
47893142,宜眉新 ,女  ,12  ,自动化        ,杨振宁理学院 ,33423431762,kiril ,2013,2a4
47903190,邹花皮 ,男  ,8   ,电子科学与技术    ,新东方培训学校,63369811208,sbrqh ,2002,c36
48128417,顺筠时 ,女  ,19  ,电气工程与自动化   ,挖掘机研究所 ,77564138315,dsfos ,2018,399
48175492,珠勇俊 ,女  ,6   ,计算机科学与技术   ,新东方培训学校,34569892223,twwrz ,2001,445
48199851,翠吴莎 ,男  ,3   ,光电信息工程     ,新东方培训学校,24820802590,zqnqk ,2010,aa8
48216068,马君育 ,男  ,2   ,生物医学工程     ,杨振宁理学院 ,51210371037,exkpw ,2001,249
48463144,陶伍吕 ,男  ,5   ,软件工程       ,篮翔智能研究院,55622981251,ityso ,2014,237
48848263,涛宜璐 ,女  ,10  ,地质学类地质学    ,新东方厨师学校,37843740753,rzhyu ,2005,352
48944317,康康美 ,男  ,5   ,软件工程       ,挖掘机研究所 ,51009487985,glixy ,2006,a3c
49348606,康褚霭 ,男  ,4   ,影视艺术技术     ,新东方厨师学校,76028244934,julbs ,2014,183
49395560,鲁平瑾 ,男  ,8   ,电子科学与技术    ,李政道学院  ,35678026082,yhmas ,2014,b88
49402829,顾方卜 ,男  ,7   ,光源与照明      ,篮翔智能研究院,45920292419,oyocy ,2008,1a3
49493485,傅苏谢 ,女  ,6   ,影视艺术技术     ,挖掘机研究所 ,41307346534,wkjlm ,2017,477
49586743,珍妹莉 ,女  ,5   ,地质学类地质学    ,新东方厨师学校,96195690619,lhpbl ,2007,856
49656724,曹慧菁 ,女  ,4   ,影视艺术技术     ,篮翔智能研究院,39779732167,fltaa ,2006,419
50001880,苏安春 ,女  ,7   ,地理信息系统     ,挖掘机研究所 ,48725581813,kuvgc ,2010,c71
50019770,薛和真 ,女  ,4   ,自动化        ,新东方培训学校,45084116476,adjap ,2011,278
50190431,利天滕 ,女  ,18  ,网络工程       ,新东方厨师学校,18395795899,aeumb ,2000,1c6
50254545,金琦廉 ,女  ,13  ,生物医学工程     ,篮翔智能研究院,75287566365,mdbyy ,2010,9c6
50465035,芝菲可 ,女  ,9   ,地理科学类地理科学  ,中国科学院  ,53179664023,yxpus ,2008,ba5
50551202,茜佳元 ,女  ,1   ,网络工程       ,篮翔智能研究院,76380805618,ubvpv ,2007,284
50650343,安枝曹 ,女  ,3   ,自动化        ,新东方培训学校,89242717388,pzuxz ,2002,783
51237255,晶傅桂 ,女  ,16  ,地质学类地质学    ,李政道学院  ,37791355822,ajcks ,2013,123
51414658,飞岑杰 ,女  ,12  ,计算机科学与技术   ,新东方厨师学校,34183890976,yqjbw ,2016,9aa
51648757,岑荔葛 ,女  ,10  ,信息显示与光电技术  ,中国科学院  ,50787052092,zgwee ,2001,851
51682167,常秦娅 ,女  ,4   ,计算机科学与技术   ,中国科学院  ,90823404667,pevju ,2004,337
51732164,影茜洁 ,女  ,18  ,生物医学工程     ,篮翔智能研究院,26968851314,bbpsp ,2004,5a4
52005793,陈娣菊 ,女  ,18  ,通信工程       ,篮翔智能研究院,78416851902,icpme ,2011,881
52204400,于琴军 ,女  ,16  ,电子信息工程     ,挖掘机研究所 ,18380942686,yykpb ,2007,9b7
52340412,馥怡龙 ,男  ,7   ,地理信息系统     ,新东方培训学校,92384875247,gpwmb ,2012,877
52517031,珠春方 ,男  ,6   ,信息工程       ,中国科学院  ,45967866452,xoxqr ,2010,414
52658421,天娴勇 ,女  ,17  ,影视艺术技术     ,新东方厨师学校,14831401185,yafbp ,2020,869
52859488,眉蓉柏 ,女  ,12  ,软件工程       ,李政道学院  ,37400927667,xhvvb ,2004,9b7
53043146,彭山军 ,男  ,6   ,电子信息工程     ,杨振宁理学院 ,39505453877,alrnm ,2005,5c8
53305438,苑华静 ,男  ,7   ,软件工程       ,新东方厨师学校,33249350573,qxgwi ,2020,a65
53393549,茜秋姚 ,女  ,1   ,生物医学工程     ,新东方培训学校,19315453364,vgppx ,2000,a81
53425139,文刚辉 ,男  ,7   ,信息工程       ,篮翔智能研究院,81816251632,ivocs ,2005,c69
53496224,萧秀淑 ,女  ,6   ,电子科学与技术    ,中国科学院  ,16384523706,wvguq ,2019,129
53496519,亚姚岩 ,男  ,19  ,电气工程及其自动化  ,新东方厨师学校,79752274998,gbbmf ,2004,1b9
53568916,妍勇影 ,男  ,7   ,电子信息工程     ,李政道学院  ,90774874209,cdvys ,2005,444
53598388,欢兴孔 ,女  ,5   ,电子科学与技术    ,杨振宁理学院 ,79281355718,lsols ,2000,929
53649638,潘余许 ,女  ,10  ,光电信息工程     ,挖掘机研究所 ,53115255769,gxaaf ,2005,a56
53743161,琼才珊 ,男  ,3   ,地理信息科学与技术  ,挖掘机研究所 ,10854987056,vxvxh ,2000,8b9
53774622,广周伊 ,女  ,1   ,电子信息工程     ,篮翔智能研究院,65460356717,kwgkz ,2000,b17
54078475,黄生洁 ,男  ,5   ,电气工程与自动化   ,挖掘机研究所 ,79921280445,ouhfx ,2018,925
54318941,勇袁成 ,女  ,19  ,地球化学       ,李政道学院  ,76621281688,ihzoo ,2013,8a3
54707644,蓓梅严 ,男  ,5   ,软件工程       ,挖掘机研究所 ,12285490857,fbjub ,2009,785
54713344,信素蓓 ,女  ,10  ,电气工程及其自动化  ,新东方厨师学校,38196667414,yjlsq ,2011,274
54803501,禹荣俊 ,男  ,11  ,信息显示与光电技术  ,杨振宁理学院 ,85845690078,aohwz ,2013,a32
54940585,珊倪琼 ,男  ,18  ,地质学类地质学    ,篮翔智能研究院,31251958183,gseak ,2000,217
54987973,李广莺 ,女  ,10  ,电气工程与自动化   ,挖掘机研究所 ,28020221233,faurk ,2017,c85
55680851,尹英妍 ,女  ,10  ,生物医学工程     ,杨振宁理学院 ,62113555036,omcsj ,2012,b94
55939276,费全萍 ,女  ,2   ,计算机科学与技术   ,篮翔智能研究院,23928978983,dghxx ,2005,445
56066702,彭瑾颖 ,男  ,12  ,光电信息工程     ,篮翔智能研究院,40352400747,gswne ,2003,ba6
56135759,娟晶贞 ,女  ,19  ,通信工程       ,挖掘机研究所 ,60975788347,ebhvq ,2000,8cc
56218082,汪康萍 ,女  ,7   ,自动化        ,新东方厨师学校,89884599028,wmyyn ,2012,c3c
56249537,秋巧兰 ,男  ,19  ,网络工程       ,挖掘机研究所 ,56246746372,qyhsl ,2018,cbb
56422066,辉颖冯 ,女  ,13  ,信息工程       ,新东方厨师学校,39276829957,sldqy ,2000,4b5
56464561,蕊晶琼 ,女  ,6   ,地理信息科学与技术  ,杨振宁理学院 ,77528140457,duuwy ,2016,82b
56982327,雅邹蕊 ,男  ,18  ,电子信息工程     ,杨振宁理学院 ,36587697090,ztwoj ,2002,a19
57147153,媛尹范 ,男  ,7   ,影视艺术技术     ,篮翔智能研究院,58169244357,ltums ,2010,b4a
57486120,芝吕露 ,女  ,9   ,天文学类天文学    ,新东方厨师学校,39987884991,idzif ,2010,481
57729904,黄廉环 ,女  ,13  ,通信工程       ,篮翔智能研究院,92510796960,amkqf ,2006,8c7
57796592,仁富平 ,男  ,15  ,地理科学类地理科学  ,篮翔智能研究院,35038009541,qkiro ,2017,c61
57842095,皮袁柏 ,女  ,13  ,软件工程       ,中国科学院  ,43361213105,kghsy ,2000,a27
57937713,才利宜 ,男  ,5   ,电子科学与技术    ,中国科学院  ,17499445180,mblkl ,2020,5b3
58138640,康吴环 ,女  ,10  ,光源与照明      ,杨振宁理学院 ,72304428557,ufsjk ,2019,b86
58275499,娴孔蓉 ,男  ,13  ,信息显示与光电技术  ,杨振宁理学院 ,56987363302,lgeig ,2020,b34
58275817,健永明 ,男  ,14  ,电气工程及其自动化  ,杨振宁理学院 ,60407467247,sbzlu ,2005,4c3
58314906,陶汤臧 ,男  ,1   ,光源与照明      ,篮翔智能研究院,80305569689,qzjlp ,2004,3a7
58712850,元鲍永 ,女  ,17  ,计算机科学与技术   ,新东方厨师学校,33770884005,ajfeb ,2020,98c
59149388,秀玉戚 ,男  ,13  ,电子科学与技术    ,李政道学院  ,70805439417,efkrw ,2020,378
59552490,凤军祁 ,男  ,13  ,地理科学类地理科学  ,新东方厨师学校,49793498726,vsrka ,2020,648
59635105,酆翠范 ,女  ,19  ,资源环境与城乡规划管理,中国科学院  ,60701785279,erwof ,2012,563
59672406,春郑冯 ,女  ,7   ,软件工程       ,李政道学院  ,54450079870,fblpr ,2013,581
59939252,和韦欢 ,男  ,17  ,通信工程       ,杨振宁理学院 ,12125668564,rzqvf ,2012,7bc
60224672,毕薇瑶 ,男  ,3   ,地质学类地质学    ,中国科学院  ,34624348536,qpgfo ,2014,623
60386527,梦环秀 ,男  ,1   ,计算机科学与技术   ,杨振宁理学院 ,19564958289,nzjkz ,2009,417
60726841,辉勇雁 ,女  ,13  ,地球化学       ,挖掘机研究所 ,18189496920,bvspx ,2012,455
60750096,安发馥 ,男  ,15  ,地质学类地质学    ,挖掘机研究所 ,63862282620,bkdkf ,2000,917
60760735,明霞金 ,女  ,18  ,软件工程       ,李政道学院  ,47993068574,pbqsa ,2000,752
60798979,永玉雪 ,女  ,14  ,自动化        ,挖掘机研究所 ,88866952893,jjqzw ,2018,24a
61114422,倩滕和 ,男  ,5   ,地质学类地质学    ,中国科学院  ,86876580354,yehfx ,2003,b92
61177080,平滢雷 ,女  ,3   ,软件工程       ,新东方培训学校,24038022168,qmosy ,2005,b33
61348726,菊怡卫 ,女  ,15  ,网络工程       ,新东方厨师学校,67127869439,qvwhg ,2001,9b5
61644212,东荷达 ,男  ,16  ,天文学类天文学    ,杨振宁理学院 ,20923219929,uoeqy ,2018,53c
61745961,舒光米 ,女  ,10  ,通信工程       ,李政道学院  ,68622657556,sibtr ,2002,854
61753884,昌凤邵 ,女  ,9   ,电气工程与自动化   ,杨振宁理学院 ,18377002953,zcwyc ,2012,2c5
61796524,广郎汪 ,女  ,5   ,生物医学工程     ,新东方厨师学校,51602279249,zjwew ,2018,b47
61901142,俊翠胜 ,男  ,4   ,信息工程       ,挖掘机研究所 ,79380949498,buogs ,2015,1bc
61919070,军婵花 ,男  ,11  ,影视艺术技术     ,新东方培训学校,62198010018,uxzlz ,2003,ab7
62373673,贵元卞 ,男  ,19  ,信息显示与光电技术  ,新东方培训学校,10828406306,mupge ,2001,57a
62418105,珠奚狄 ,女  ,4   ,地球化学       ,李政道学院  ,43662646103,mpwrq ,2010,36c
63006062,明枝筠 ,女  ,8   ,网络工程       ,杨振宁理学院 ,10659908470,mmyhg ,2014,4c4
63336242,巧周汪 ,男  ,18  ,电子科学与技术    ,新东方培训学校,22198163649,vnazp ,2011,833
63454192,马倪眉 ,男  ,4   ,地理科学类地理科学  ,挖掘机研究所 ,98238099243,mdnqi ,2009,c59
63460401,飞眉亚 ,男  ,9   ,地理科学类地理科学  ,挖掘机研究所 ,98320019679,sjshq ,2003,774
63524526,王良爱 ,女  ,13  ,资源环境与城乡规划管理,中国科学院  ,49499964452,cnszm ,2014,777
63748594,平怡冯 ,女  ,2   ,信息工程       ,新东方厨师学校,93819277813,fbbyn ,2019,c8c
63853059,伍葛瑞 ,女  ,9   ,电气工程及其自动化  ,中国科学院  ,38184313534,isphw ,2000,27b
63955416,莺卞竹 ,女  ,15  ,电子科学与技术    ,中国科学院  ,22055526302,aebxu ,2015,581
64061801,飘涛孙 ,女  ,6   ,地理信息系统     ,杨振宁理学院 ,22378366096,vetvw ,2016,554
64522477,婵齐可 ,女  ,12  ,地理信息系统     ,李政道学院  ,96625510466,daion ,2011,6c4
64692703,瑾贺莲 ,女  ,5   ,电子科学与技术    ,篮翔智能研究院,45312992819,bquxp ,2018,c71
64717085,萍周萧 ,男  ,11  ,影视艺术技术     ,中国科学院  ,50084660718,qnfjb ,2018,8b4
64721539,娥力香 ,女  ,14  ,地球化学       ,挖掘机研究所 ,42667370906,ghbjw ,2010,b69
64759491,褚时汪 ,女  ,6   ,计算机科学与技术   ,李政道学院  ,98603294905,rwyum ,2005,277
64913622,常颖纨 ,女  ,17  ,自动化        ,挖掘机研究所 ,74962616266,palhy ,2008,113
65154480,窦达竹 ,女  ,4   ,电气工程与自动化   ,新东方培训学校,50823375708,tkhfq ,2009,314
65229257,秋叶娜 ,女  ,16  ,生物医学工程     ,李政道学院  ,89901675538,efhpt ,2020,675
65399499,勤岩琦 ,女  ,6   ,软件工程       ,新东方厨师学校,27328636314,ofjoz ,2018,924
65517836,涛邵潘 ,男  ,1   ,地理信息科学与技术  ,挖掘机研究所 ,71402967855,wuzbf ,2000,59c
65801836,伍巧利 ,男  ,14  ,信息工程       ,新东方厨师学校,83762284336,wjxeb ,2007,492
65926775,波时璧 ,女  ,3   ,资源环境与城乡规划管理,挖掘机研究所 ,17948276643,kcvcu ,2010,1b1
66263166,窦海狄 ,男  ,12  ,天文学类天文学    ,新东方厨师学校,28087500974,wuctz ,2016,929
66537049,赵兴邹 ,男  ,14  ,计算机科学与技术   ,挖掘机研究所 ,20478351107,jhsox ,2003,288
66542494,邵燕韦 ,男  ,5   ,地质学类地质学    ,挖掘机研究所 ,61485232638,wbytv ,2002,49b
66817005,米真志 ,女  ,16  ,地理信息科学与技术  ,挖掘机研究所 ,78356677366,sldxi ,2013,352
66877091,达朱乐 ,男  ,1   ,天文学类天文学    ,李政道学院  ,35690880079,rworg ,2006,96a
67012440,欣伍锦 ,女  ,3   ,光源与照明      ,挖掘机研究所 ,21318598755,cpjwk ,2007,b98
67088197,奚费禹 ,女  ,12  ,地球化学       ,李政道学院  ,43738394272,wwfvc ,2006,837
67116898,潘勤滕 ,女  ,16  ,地质学类地质学    ,杨振宁理学院 ,67718516968,yxcrw ,2008,923
67294582,莉汪荷 ,女  ,3   ,地球化学       ,新东方培训学校,12441586820,fhdci ,2004,924
67721618,卫韦欢 ,男  ,10  ,电子信息工程     ,新东方培训学校,62636701500,vtkfw ,2004,7ac
68013007,眉星山 ,男  ,17  ,天文学类天文学    ,李政道学院  ,94281177436,vdqka ,2006,3bb
68465784,时娟婷 ,男  ,12  ,光电信息工程     ,杨振宁理学院 ,25379866572,rjham ,2002,6a7
68534214,凤卞文 ,女  ,5   ,影视艺术技术     ,新东方培训学校,75158213042,awctq ,2014,914
68666463,华桂波 ,男  ,12  ,信息显示与光电技术  ,篮翔智能研究院,82569059152,mqgat ,2017,848
68718877,凤琳云 ,男  ,11  ,地质学类地质学    ,挖掘机研究所 ,26359845853,fvmha ,2009,173
68775708,水明强 ,女  ,2   ,地质学类地质学    ,挖掘机研究所 ,66696719738,ssqgo ,2003,758
69096380,苑佳清 ,女  ,1   ,信息工程       ,李政道学院  ,13676467333,tquiy ,2004,a5b
69207371,梦明莉 ,男  ,15  ,资源环境与城乡规划管理,李政道学院  ,88342976198,kmzdi ,2007,bc5
69253659,和保邬 ,男  ,18  ,集成电路设计与集成系统,挖掘机研究所 ,63399004472,qeqjm ,2008,11c
69359346,枝胜贵 ,男  ,15  ,电气工程与自动化   ,杨振宁理学院 ,46529722569,kisbq ,2007,2a8
69651100,余滢于 ,女  ,19  ,集成电路设计与集成系统,中国科学院  ,52867408481,gsrhs ,2019,1cc
69886853,平利雷 ,女  ,5   ,地理信息系统     ,李政道学院  ,87754231621,dxmoq ,2002,61c
70084572,柏玲于 ,女  ,3   ,资源环境与城乡规划管理,新东方培训学校,80462004776,zrfol ,2010,583
70302557,马柔柔 ,女  ,10  ,信息显示与光电技术  ,挖掘机研究所 ,50834220207,jznjp ,2009,a72
70566578,蒋光珠 ,男  ,16  ,电气工程及其自动化  ,李政道学院  ,91509745421,xicro ,2000,cc3
70606705,霄保谢 ,男  ,3   ,地理信息科学与技术  ,李政道学院  ,86850924249,jhgxy ,2007,877
70636744,梅柔可 ,女  ,12  ,信息显示与光电技术  ,杨振宁理学院 ,11415595758,pouvd ,2015,945
70918055,柳强于 ,女  ,6   ,信息工程       ,杨振宁理学院 ,35812431438,ybaus ,2004,a5b
70979258,贵滢章 ,男  ,13  ,电子科学与技术    ,篮翔智能研究院,91424371270,odfzz ,2002,327
71195078,毛酆颖 ,男  ,16  ,影视艺术技术     ,挖掘机研究所 ,92174614396,wwwmu ,2014,ba6
71460326,邹酆琳 ,女  ,16  ,地质学类地质学    ,中国科学院  ,86332451817,irmli ,2004,31b
71529220,廉萧雪 ,男  ,11  ,地球化学       ,新东方培训学校,31224054668,bmknd ,2012,b63
71531076,安昌达 ,女  ,15  ,计算机科学与技术   ,杨振宁理学院 ,52156818355,xmzvs ,2020,a3a
71535050,严胜国 ,女  ,9   ,网络工程       ,新东方厨师学校,41237206556,wvgqy ,2010,198
71542462,倩伍嘉 ,女  ,11  ,地理科学类地理科学  ,李政道学院  ,89985163387,lgaxn ,2009,929
71669065,卫柳潘 ,男  ,5   ,生物医学工程     ,杨振宁理学院 ,75588596745,wwbxv ,2014,4c8
71922776,琦蒋戚 ,女  ,18  ,计算机科学与技术   ,新东方厨师学校,78213144451,sgykf ,2001,b54
72221566,花中蕊 ,女  ,8   ,光电信息工程     ,新东方厨师学校,86999111991,lcncw ,2009,15c
72537258,志菲常 ,男  ,12  ,通信工程       ,中国科学院  ,98084442001,iviyn ,2009,15c
72606679,郑馥贺 ,男  ,7   ,电气工程与自动化   ,杨振宁理学院 ,48996362166,twclr ,2000,918
72759421,邵史马 ,女  ,1   ,生物医学工程     ,篮翔智能研究院,20386206767,etbvm ,2009,879
72774347,潘生穆 ,女  ,7   ,光源与照明      ,挖掘机研究所 ,79602262182,xvfnx ,2013,242
73081655,柏殷婵 ,女  ,9   ,电气工程及其自动化  ,篮翔智能研究院,62119143327,iqgdm ,2018,ca8
73099830,明姬何 ,女  ,17  ,自动化        ,杨振宁理学院 ,99683832436,kjgbm ,2019,828
73123551,何贵萧 ,男  ,3   ,信息工程       ,中国科学院  ,58776909786,jryzm ,2003,764
73371136,潘苑武 ,女  ,19  ,地理信息科学与技术  ,新东方培训学校,91539968040,etiav ,2003,7c5
73402895,勇莉菊 ,男  ,18  ,生物医学工程     ,新东方厨师学校,93893921435,obpgn ,2016,c51
73447553,韩柔廉 ,女  ,3   ,电子科学与技术    ,篮翔智能研究院,35419979133,gerxl ,2002,113
73864321,章瑾柳 ,女  ,1   ,地理信息科学与技术  ,新东方培训学校,47174455172,uzsia ,2000,a91
73944611,月魏凤 ,男  ,17  ,电气工程与自动化   ,篮翔智能研究院,18403373486,akzkz ,2013,988
74073743,康伟臧 ,男  ,12  ,软件工程       ,中国科学院  ,59885454674,rhnlq ,2003,51c
74384772,志凤米 ,女  ,4   ,地质学类地质学    ,新东方厨师学校,26040287150,ayyrp ,2003,41a
74400360,孔环菁 ,女  ,4   ,自动化        ,挖掘机研究所 ,54258922138,fefbe ,2020,238
74517680,祥岩郎 ,男  ,3   ,资源环境与城乡规划管理,新东方厨师学校,39647715646,euxnj ,2006,347
74520986,秋涛萧 ,男  ,9   ,地质学类地质学    ,新东方厨师学校,11818238255,ddzae ,2011,35b
74664890,俊贝新 ,男  ,15  ,地理信息系统     ,杨振宁理学院 ,78055412671,gqlej ,2008,262
74806476,世康福 ,女  ,11  ,资源环境与城乡规划管理,李政道学院  ,43809209600,ngjnm ,2019,c62
74813837,姬影健 ,男  ,11  ,信息工程       ,李政道学院  ,65044641558,eblgt ,2005,416
75050995,米环汪 ,男  ,6   ,信息显示与光电技术  ,李政道学院  ,40314587451,aiagj ,2004,758
75085946,莲莲燕 ,男  ,17  ,地理科学类地理科学  ,中国科学院  ,47464535090,vkxzb ,2018,76a
75267727,洁利元 ,男  ,15  ,光电信息工程     ,新东方培训学校,68659708465,njfph ,2012,bb6
75431133,滕涛苑 ,女  ,1   ,天文学类天文学    ,新东方培训学校,56391263936,yvgsj ,2012,313
75443520,莺傅凝 ,男  ,12  ,电气工程与自动化   ,李政道学院  ,68672538046,odvih ,2002,c47
75705070,韦尹岩 ,女  ,11  ,信息显示与光电技术  ,新东方培训学校,96743050590,lbqjq ,2011,165
75870710,芬荣毕 ,女  ,3   ,天文学类天文学    ,挖掘机研究所 ,19118122733,ttilk ,2002,3b4
76155899,筠达秦 ,男  ,12  ,网络工程       ,中国科学院  ,85720374812,orwrr ,2001,96c
76452279,叶倩卞 ,女  ,13  ,网络工程       ,中国科学院  ,55461757447,undkr ,2013,c16
76491541,魏华凤 ,女  ,17  ,资源环境与城乡规划管理,中国科学院  ,85665694773,mzirj ,2015,b41
77065617,吴良苏 ,男  ,3   ,影视艺术技术     ,中国科学院  ,84937823017,mctoy ,2011,6ab
77132842,赵俊香 ,女  ,18  ,地理科学类地理科学  ,新东方培训学校,63961715586,cftjk ,2011,c4b
77386207,山费昌 ,男  ,13  ,电子科学与技术    ,篮翔智能研究院,57186638763,iyigu ,2009,c3b
77440383,鲍春福 ,男  ,12  ,地理科学类地理科学  ,篮翔智能研究院,58251902152,mizps ,2012,4c6
77656949,琦唐潘 ,女  ,14  ,自动化        ,新东方厨师学校,83603764588,jzwhs ,2006,555
77729942,安兰穆 ,男  ,15  ,光电信息工程     ,李政道学院  ,49886117959,umihe ,2001,264
77738012,飞朱鲁 ,女  ,2   ,地球化学       ,篮翔智能研究院,73219158876,vrdae ,2011,a46
78783669,山谢梦 ,男  ,18  ,自动化        ,新东方厨师学校,44418059485,ylcnt ,2002,71a
78799179,锦璧潘 ,男  ,4   ,自动化        ,新东方厨师学校,46421904714,seonv ,2007,854
78838187,皮健强 ,男  ,7   ,电子信息工程     ,中国科学院  ,71079317884,styqu ,2003,796
78946210,叶马廉 ,女  ,13  ,信息工程       ,杨振宁理学院 ,14367974604,cpqhz ,2008,cc5
79084237,周安彩 ,男  ,2   ,地理信息系统     ,新东方厨师学校,50462442732,vojpy ,2008,b8a
79121902,于穆雁 ,女  ,14  ,影视艺术技术     ,杨振宁理学院 ,52501488929,dkzqe ,2014,919
79247178,姚婵滢 ,男  ,10  ,电子信息工程     ,篮翔智能研究院,82095241523,srcev ,2014,4c5
79675814,眉嘉伟 ,女  ,5   ,地球化学       ,新东方培训学校,63214372984,twzoq ,2005,661
79693747,馥凝叶 ,男  ,3   ,地球化学       ,李政道学院  ,46871253890,vfitu ,2007,811
79790189,凤梦琼 ,男  ,7   ,地理科学类地理科学  ,李政道学院  ,50676232218,hxwwm ,2000,ac2
79795781,蓓富星 ,男  ,1   ,资源环境与城乡规划管理,杨振宁理学院 ,87454135737,ijgzn ,2011,a1c
80380260,朱岚芬 ,女  ,11  ,资源环境与城乡规划管理,新东方培训学校,12713622117,tlrti ,2008,286
80650166,云莎珊 ,女  ,4   ,计算机科学与技术   ,挖掘机研究所 ,56638679840,jedkq ,2020,72a
80868105,才魏霄 ,女  ,5   ,信息工程       ,李政道学院  ,95990835531,ztaib ,2012,124
81147889,飘潘妍 ,男  ,2   ,电气工程及其自动化  ,李政道学院  ,49635248193,svevp ,2017,191
81221349,贺蒋荣 ,男  ,11  ,电子信息工程     ,李政道学院  ,65785308480,usagu ,2012,c88
81471980,俞霞淑 ,男  ,5   ,天文学类天文学    ,挖掘机研究所 ,66025149425,zpysd ,2007,66c
81472148,生凡婉 ,女  ,1   ,资源环境与城乡规划管理,新东方厨师学校,28507564356,qacji ,2010,149
81557368,康莺严 ,男  ,2   ,软件工程       ,李政道学院  ,77225181362,hklaf ,2017,899
81619169,谢新沈 ,男  ,10  ,光源与照明      ,新东方厨师学校,85550259115,vusde ,2007,72a
81757816,洁子影 ,女  ,15  ,信息工程       ,新东方厨师学校,68368897066,xigmk ,2017,627
81809746,涛薇柳 ,女  ,16  ,地理信息科学与技术  ,挖掘机研究所 ,90603799481,evbcr ,2009,b66
81861604,褚海奚 ,男  ,2   ,光源与照明      ,挖掘机研究所 ,40234052763,htjlv ,2006,2bc
82083219,勤枝信 ,男  ,3   ,地理科学类地理科学  ,杨振宁理学院 ,82430953565,ykdep ,2001,c38
82357761,褚娜皮 ,女  ,13  ,电气工程及其自动化  ,新东方厨师学校,44043878183,rchym ,2015,257
82541777,朱柏菲 ,男  ,19  ,光源与照明      ,中国科学院  ,75856109939,ccnec ,2004,a7a
82663494,莲宜天 ,女  ,18  ,网络工程       ,新东方厨师学校,75930887902,ykzmx ,2002,b77
82912817,彭韩昌 ,男  ,10  ,电气工程与自动化   ,新东方厨师学校,14812541546,asuaf ,2005,349
82985493,安凝勇 ,男  ,15  ,光源与照明      ,中国科学院  ,62514303903,hjtdg ,2004,34b
82993152,廉毅蕊 ,女  ,13  ,资源环境与城乡规划管理,篮翔智能研究院,49895140430,yycxl ,2009,352
83315528,蒋海福 ,女  ,5   ,信息工程       ,李政道学院  ,95273357637,iefcr ,2017,9c6
83621512,慧清晶 ,男  ,5   ,地理信息系统     ,中国科学院  ,14320326949,xkzmk ,2000,738
83830737,凝乐秋 ,女  ,2   ,影视艺术技术     ,中国科学院  ,20616698165,rxkpo ,2001,8b9
83961238,蓓君苑 ,女  ,17  ,自动化        ,挖掘机研究所 ,47685056523,itneo ,2005,459
84166521,波春袁 ,女  ,7   ,通信工程       ,中国科学院  ,67750113595,gqzut ,2016,57a
84267732,山瑶慧 ,女  ,11  ,通信工程       ,挖掘机研究所 ,48225346272,dtxpm ,2004,46b
84366842,瑶雪明 ,女  ,19  ,地理信息系统     ,挖掘机研究所 ,96023804535,vlogc ,2019,476
84441378,娟天莲 ,女  ,14  ,生物医学工程     ,篮翔智能研究院,54080627178,qahge ,2009,4ca
84491952,荷飞吴 ,女  ,16  ,自动化        ,李政道学院  ,66584084578,wznht ,2008,9b5
84550255,强枫凤 ,女  ,1   ,地理信息系统     ,李政道学院  ,50787399058,fdbgj ,2015,b59
84567274,佳云英 ,女  ,4   ,地质学类地质学    ,杨振宁理学院 ,29824891198,vzuld ,2018,383
85014662,婵韩蓉 ,女  ,7   ,地质学类地质学    ,杨振宁理学院 ,50571504286,drucu ,2001,a75
85175331,中婷青 ,男  ,3   ,电气工程及其自动化  ,杨振宁理学院 ,27889343569,vkvct ,2000,439
85290143,苏春米 ,女  ,17  ,地理信息科学与技术  ,新东方厨师学校,13106722158,hxqum ,2002,7ab
85559105,学珍彬 ,男  ,15  ,地理信息科学与技术  ,挖掘机研究所 ,64630849650,aropv ,2007,c71
85881253,雁星姚 ,女  ,13  ,信息工程       ,挖掘机研究所 ,66275105554,ropqq ,2002,317
85973232,臧郎红 ,女  ,18  ,集成电路设计与集成系统,篮翔智能研究院,95442488072,jxvvc ,2018,b16
86274511,施琦学 ,女  ,3   ,电气工程及其自动化  ,篮翔智能研究院,70957245446,qezye ,2012,72a
86517412,良静霄 ,女  ,12  ,软件工程       ,篮翔智能研究院,80660462937,llbss ,2013,b1a
86564879,岚义香 ,女  ,11  ,集成电路设计与集成系统,李政道学院  ,58826201196,qpsrb ,2012,24a
86638574,娜富婵 ,女  ,15  ,网络工程       ,挖掘机研究所 ,62920321308,wcidf ,2004,412
86937064,湛荷顾 ,女  ,5   ,信息显示与光电技术  ,中国科学院  ,46760638565,bdogf ,2007,19b
87120283,芳施瑾 ,男  ,11  ,集成电路设计与集成系统,中国科学院  ,34053987391,uzxoi ,2014,228
87189746,贝邬俞 ,女  ,2   ,影视艺术技术     ,篮翔智能研究院,65041302361,hgjhe ,2020,b27
87266665,朱姚禹 ,男  ,14  ,地理信息系统     ,李政道学院  ,90913361602,dpuvw ,2006,6ab
87266979,柳康秦 ,男  ,4   ,电子信息工程     ,新东方厨师学校,61201266867,josyg ,2019,84a
87359305,茜韦胜 ,女  ,8   ,影视艺术技术     ,篮翔智能研究院,36259346657,aodam ,2020,44b
87847678,君任陈 ,男  ,13  ,地质学类地质学    ,篮翔智能研究院,88436889413,qkaqp ,2000,334
87914142,信琼袁 ,女  ,1   ,计算机科学与技术   ,篮翔智能研究院,96899255448,nrjwk ,2017,a43
88033910,瑞桂滢 ,女  ,1   ,地理信息系统     ,新东方厨师学校,49536938083,yxzji ,2017,8b5
88044066,蒋顾姜 ,女  ,16  ,地理信息系统     ,李政道学院  ,42916663023,dfnau ,2019,6ba
88156949,荔平涛 ,女  ,4   ,影视艺术技术     ,新东方培训学校,21207628275,pwofd ,2004,673
88299317,康荔清 ,女  ,4   ,自动化        ,李政道学院  ,92116098762,dgiln ,2002,cbc
88658983,岚婉齐 ,男  ,9   ,自动化        ,篮翔智能研究院,75110498714,ohsay ,2012,943
88702992,葛蕊卫 ,男  ,3   ,电气工程及其自动化  ,中国科学院  ,49559537741,csrav ,2003,9a6
88716156,臧郝真 ,男  ,16  ,资源环境与城乡规划管理,篮翔智能研究院,85376973610,gxweo ,2017,91b
88998649,葛鲁雪 ,男  ,6   ,网络工程       ,中国科学院  ,39770815556,vtfay ,2002,543
89373697,清茜莺 ,女  ,8   ,信息工程       ,李政道学院  ,81609135536,jgpmj ,2001,55c
89721939,兴水莉 ,女  ,19  ,集成电路设计与集成系统,新东方培训学校,12402861370,neixk ,2016,a54
89722127,莺蒋苗 ,男  ,5   ,光电信息工程     ,李政道学院  ,78635287209,ukmob ,2005,ba8
89873923,仪芸琦 ,女  ,13  ,通信工程       ,中国科学院  ,25011697265,xxfxd ,2004,425
89948304,穆环莲 ,男  ,9   ,影视艺术技术     ,篮翔智能研究院,35521305715,yshmr ,2002,949
90239820,娴育贺 ,男  ,11  ,生物医学工程     ,新东方厨师学校,25887902052,wejjn ,2012,b78
90422597,辉娅妍 ,女  ,5   ,地理信息系统     ,篮翔智能研究院,40364661013,gbotm ,2005,3b5
90550474,滕柳枫 ,女  ,16  ,自动化        ,新东方厨师学校,34905553385,ckxjg ,2018,55c
90658036,凤杰吕 ,男  ,3   ,网络工程       ,挖掘机研究所 ,69510410425,qpvru ,2017,192
90661832,时枝云 ,男  ,18  ,计算机科学与技术   ,杨振宁理学院 ,33412201875,mnxqy ,2011,848
90663653,张华水 ,男  ,13  ,电子科学与技术    ,篮翔智能研究院,13731705169,bqqsq ,2006,a13
90997474,娟影米 ,男  ,8   ,地理信息科学与技术  ,挖掘机研究所 ,59979637095,lbbuv ,2010,a55
91231813,云婵叶 ,男  ,9   ,影视艺术技术     ,新东方培训学校,82555029767,bgqlw ,2013,a48
91390668,王武任 ,女  ,12  ,电子信息工程     ,李政道学院  ,29808852140,ambox ,2015,acc
91638307,佳欢利 ,男  ,8   ,地理信息科学与技术  ,新东方厨师学校,96126419366,fnbgl ,2007,cb3
91737811,尹文平 ,男  ,13  ,集成电路设计与集成系统,新东方培训学校,36078455925,sonpc ,2006,22c
91848749,元尹秋 ,女  ,2   ,集成电路设计与集成系统,新东方厨师学校,33336977315,cqevs ,2013,a4b
92025607,舒珍康 ,女  ,3   ,资源环境与城乡规划管理,新东方厨师学校,88043214180,pvgts ,2007,157
92215176,可茜青 ,男  ,16  ,生物医学工程     ,新东方培训学校,36854360521,eutvo ,2018,357
92417019,中淑信 ,女  ,11  ,光电信息工程     ,杨振宁理学院 ,78689459386,vsdtz ,2008,898
92437947,良滕环 ,女  ,18  ,地理信息科学与技术  ,新东方培训学校,10136227297,oqtee ,2001,cb3
92864386,晶时梅 ,女  ,12  ,电子科学与技术    ,挖掘机研究所 ,40743704930,aowno ,2016,45a
93374965,荷禹真 ,男  ,15  ,地质学类地质学    ,挖掘机研究所 ,98283321945,wtqex ,2007,17a
93456003,邹韦卫 ,男  ,17  ,自动化        ,杨振宁理学院 ,73847778674,vrkmm ,2012,b5a
93746693,茜秋朱 ,女  ,15  ,电子信息工程     ,新东方厨师学校,88658798396,kagvl ,2001,814
93749546,利春潘 ,男  ,5   ,通信工程       ,挖掘机研究所 ,82179900847,agrde ,2009,7c2
93786221,文茜环 ,男  ,15  ,地质学类地质学    ,新东方培训学校,74236732524,feziq ,2019,c54
93989736,贞邬戚 ,女  ,15  ,电子信息工程     ,新东方培训学校,86689143517,xvvff ,2001,125
94226240,富苗滕 ,男  ,7   ,地理信息科学与技术  ,挖掘机研究所 ,61251054962,cacla ,2018,615
94289519,仪冯珠 ,女  ,6   ,天文学类天文学    ,新东方培训学校,99854216276,fifen ,2016,482
95102780,琦健胜 ,男  ,8   ,光电信息工程     ,杨振宁理学院 ,97841701820,nmtdt ,2018,373
95488799,国仪史 ,男  ,11  ,影视艺术技术     ,新东方培训学校,88086387142,vfcdp ,2016,398
95495293,飞穆于 ,女  ,4   ,地球化学       ,挖掘机研究所 ,61793384895,czxwf ,2015,921
95874956,雷寒蕊 ,女  ,2   ,地质学类地质学    ,中国科学院  ,44800993076,qreru ,2017,37a
96032102,晶汤萍 ,女  ,12  ,自动化        ,中国科学院  ,54230074757,nvcbs ,2004,a15
96045177,志波胜 ,男  ,18  ,资源环境与城乡规划管理,中国科学院  ,26430922728,wrgyj ,2000,c88
96122663,全辉俊 ,女  ,7   ,电气工程与自动化   ,新东方厨师学校,60254216612,uzwfu ,2018,82b
96576364,何俊韩 ,男  ,10  ,网络工程       ,中国科学院  ,74105980637,kszut ,2018,143
96649204,梦鲁彭 ,女  ,9   ,地球化学       ,篮翔智能研究院,55360021541,rzlqw ,2008,144
96798382,海瑶陶 ,男  ,8   ,计算机科学与技术   ,挖掘机研究所 ,34674527430,suelm ,2001,124
96975082,玲育亚 ,女  ,12  ,资源环境与城乡规划管理,新东方厨师学校,35776193502,gzrjj ,2002,198
97025629,璐荷彭 ,女  ,3   ,地球化学       ,杨振宁理学院 ,74537048774,snbfo ,2006,b87
97352827,香妍荷 ,男  ,13  ,电气工程与自动化   ,挖掘机研究所 ,77843153011,jruvg ,2014,2b2
97443622,桂星贵 ,男  ,14  ,光电信息工程     ,新东方厨师学校,89281066132,javgr ,2017,2c6
97446252,岑影霭 ,女  ,8   ,天文学类天文学    ,新东方培训学校,96417722510,jgvas ,2015,168
97953506,琴露强 ,男  ,7   ,光源与照明      ,新东方厨师学校,40280945658,tildx ,2018,8b1
98399557,冯晓杨 ,男  ,3   ,电气工程及其自动化  ,李政道学院  ,68042902265,xnrkd ,2015,875
98494452,丽寒邵 ,男  ,12  ,地球化学       ,中国科学院  ,41910853408,tnngh ,2020,3ac
98801142,褚秦郑 ,男  ,16  ,地理信息科学与技术  ,新东方培训学校,93700868297,fwpvz ,2017,766
98917719,秦明毅 ,男  ,13  ,地理信息系统     ,新东方厨师学校,84153009288,iiabv ,2020,789
98980876,岩欣馥 ,男  ,14  ,光电信息工程     ,新东方培训学校,70323082460,rbxis ,2012,2b1
99139235,潘魏洁 ,女  ,5   ,计算机科学与技术   ,新东方培训学校,90782595318,nmrpb ,2015,78b
99141837,辉明曹 ,男  ,1   ,地质学类地质学    ,挖掘机研究所 ,46325386265,vmkov ,2015,976
99230755,蒋齐岚 ,男  ,17  ,地理信息科学与技术  ,新东方培训学校,90187825294,ouxpo ,2008,5ba
99280843,秀李健 ,女  ,14  ,生物医学工程     ,篮翔智能研究院,67187734076,fevdz ,2006,b9a
99339175,顾严怡 ,男  ,8   ,地质学类地质学    ,李政道学院  ,60669142756,lorcc ,2019,c73
99356169,彩天范 ,男  ,13  ,信息显示与光电技术  ,新东方厨师学校,27537325033,qebny ,2016,a24
99402830,莲芳秀 ,男  ,9   ,地质学类地质学    ,杨振宁理学院 ,86801479629,qvovu ,2003,a61
99506673,韦孙玲 ,女  ,18  ,网络工程       ,新东方厨师学校,35034285403,hornu ,2018,3a3
99809542,和褚俊 ,男  ,4   ,自动化        ,挖掘机研究所 ,24803781223,ukflx ,2002,ca8
99916109,卫怡英 ,男  ,17  ,计算机科学与技术   ,挖掘机研究所 ,44493670286,anfda ,2019,37a
